"Modo_Principal","count","percentage"
"Alimentador",455,0.371850507923276
"Bicicleta",4499,3.67682513219081
"Escolar",4119,3.36626866403511
"Informal",1247,1.01911556786885
"Intermunicipal",1328,1.08531313081783
"Moto",2758,2.25398615571955
"Otro",977,0.798457024705584
"Pie",54415,44.4708689860331
"Privado",14861,12.1452096664787
"TM",9587,7.83501279002296
"TPC",23520,19.2218108711109
"Taxi",4595,3.75528150309331
